{"Global":{"font":20,"title":"Sakura","backgroundColor":"#F78AE0","textColor":"#FB4144","barTintColor":"#FEF6E9","tabTitleColor":"#1B2026","tabTitleSelectColor":"#1B2026","tabBarBackgroundImage":"cm2_btm_bg","tintColor":"#1B2026","navBarTitleColor":{"NSForegroundColorAttributeName":"BB503D","NSFontAttributeName":20}},"First":{"tabImage":"cm2_btm_icn_discovery","tabSelectImage":"cm2_btm_icn_discovery_prs","title":"首页","userImage":"cm2_btm_icn_discovery","userNameColor":"#4AF2A1","userIntroColor":"#6638F0","separatorColor":"#FB4144"},"Second":{"tabImage":"cm2_btm_icn_music","tabSelectImage":"cm2_btm_icn_music_prs","backgroundImage":"cm4_app_background","title":"消息"},"Third":{"tabImage":"cm2_btm_icn_friend","tabSelectImage":"cm2_btm_icn_friend_prs","title":"发现"},"Fourth":{"tabImage":"cm2_btm_icn_account","tabSelectImage":"cm2_btm_icn_account_prs","title":"我","backgroundImage":"cm2_chat_bg","logoutBackgroundColor":"#2FA3EF","logoutTitleColor":"#FEF6E9","editProfileBackgroundColor":"#89C6EB","editProfileTitleColor":"#89C6EB","userNameColor":"#89C6EB","atNameColor":"#96928B","shareImage":"cm4_edit_icn_share","shareImageH":"cm2_edit_emo","welcomeTextColor":"#2FA3EF","switchOnColor":"#2FA3EF","switchOffColor":"#D5A311"}}