{"darkbg":1,"colors":{"c1":"b2770f","c2":"b2770f","c3":"eed4a7","c4":"b2770f","c5":"b2770f","c6":"714b09","c7":"b2770f","c8":"b2770f","c9":"f4b23e","cred":"f42f1b","clink":"9AD5FF","cbg":"332818","cmain":"FCDF6D","cred2":"ff0000","cedit":"fff","ceditprs":"E6DFC2","c11":"FCDF6D","cmsgl":"333","cmsgr":"fff","ctabn":"f6d9a5","ctabh":"fff"},"coordinators":{"NMTabBarBadgePointViewOriginOffset":"{18,-16}","NMTabBarBadgePointViewHighlightOriginOffset":"{23,-25}","NMTabBarBadgeTextViewOriginOffset":"{13,-20}","NMTabBarBadgeTextViewHighlightOriginOffset":"{14,-30}"},"hideseparator":1}