{"Global":{"font":20,"title":"Sakura","backgroundColor":"#8F8F8F","textColor":"#FB4144","barTextColor":"#D5A311","barTintColor":"#37474F","tabTitleColor":"#1B2026","tabTtitleSelectColor":"#F6F7F8","tabBarBackgroundImage":"cm2_btm_bg","navBarTitleColor":{"NSForegroundColorAttributeName":"#85FF80","NSFontAttributeName":"15"},"backgroundColor":"#2FA7D3","barTintColor":"#FEF6E9","tintColor":"#F78AE0"},
"Sale":{"tabImage":"cm2_btm_icn_discovery","tabSelectImage":"cm2_btm_icn_discovery_prs","title":"分销商城","userImage":"cm2_btm_icn_discovery", "userNameColor":"#F6F6F6", "userIntroColor":"#B0F566"},
"LocalShop":{"tabImage":"cm2_btm_icn_music","tabSelectImage":"cm2_btm_icn_music_prs","title":"本地商家"},
"Owner":{"tabImage":"cm2_btm_icn_friend","tabSelectImage":"cm2_btm_icn_friend_prs","title":"自营商城"},
"Personal":{"tabImage":"cm2_btm_icn_account","tabSelectImage":"cm2_btm_icn_account_prs","title":"个人中心","backgroundImage":"cm2_chat_bg", "logoutBackgroundColor": "#FB4144", "logoutTitleColor":"#2FA3EF", "editProfileBackgroundColor":"#FAF2E5", "editProfileTitleColor": "#1B2026", "userNameColor":"#F6F6F6","atNameColor":"#B0F566"},
"LocalOrder":{},
"OwnerOrder":{},
"SaleOrder":{}
}