{"hideseparator":1,"darkbg":1,"colors":{"c1":"2d2d2d","c2":"2d2d2d","c3":"dcdcdc","c4":"2d2d2d","c5":"2d2d2d","c6":"0c0c0c","c7":"2d2d2d","c8":"2d2d2d","c9":"797979","cred":"f41105","clink":"85b9e6","cbg":"212121","cmain":"8f9ea2","cred2":"f41105","cedit":"e9e9e9","ceditprs":"ababab","c11":"8f9ea2","cmsgl":"333","cmsgr":"fff","ctabn":"888888","ctabh":"fff"},"coordinators":{"NMTabBarBadgePointViewOriginOffset":"{11,-3}","NMTabBarBadgePointViewHighlightOriginOffset":"{19,-10}","NMTabBarBadgeTextViewOriginOffset":"{10,-7}","NMTabBarBadgeTextViewHighlightOriginOffset":"{15,-15}"}}