{"Global":{"font":20,"title":"Sakura","backgroundColor":"#89C6EB","textColor":"#FB4144","barTintColor":"#37474F","tabTitleColor":"#1B2026","tabTitleSelectColor":"#6638F0","tabBarBackgroundImage":"cm2_btm_bg","tintColor":"#5CC9F5","navBarTitleColor":{"NSForegroundColorAttributeName":"#5CC9F5","NSFontAttributeName":20}},"First":{"tabImage":"cm2_btm_icn_discovery","tabSelectImage":"cm2_btm_icn_discovery_prs","title":"发现音乐","userImage":"cm2_btm_icn_discovery","userNameColor":"#FB4144","userIntroColor":"#2FA3EF","separatorColor":"#F78AE0"},"Second":{"tabImage":"cm2_btm_icn_music","tabSelectImage":"cm2_btm_icn_music_prs","backgroundImage":"cm4_app_background","title":"我的音乐"},"Third":{"tabImage":"cm2_btm_icn_friend","tabSelectImage":"cm2_btm_icn_friend_prs","title":"朋友"},"Fourth":{"tabImage":"cm2_btm_icn_account","tabSelectImage":"cm2_btm_icn_account_prs","title":"账号","backgroundImage":"cm2_chat_bg","logoutBackgroundColor":"#BB503D","logoutTitleColor":"#2FA3EF","editProfileBackgroundColor":"#FAF2E5","editProfileTitleColor":"#1B2026","userNameColor":"#F6F6F6","atNameColor":"#B0F566","shareImage":"cm4_edit_icn_share","shareImageH":"cm2_edit_emo","welcomeTextColor":"#FB4144","switchOnColor":"#4AF2A1","switchOffColor":"#37474F"}}